{"loss": [0.023493992164731026, 0.0024457431863993406, 0.002313121221959591, 0.002369282767176628, 0.0021331636235117912, 0.002044304274022579, 0.0018347058212384582, 0.0016200141981244087, 0.0015540659660473466, 0.0014647936914116144, 0.0015120254829525948, 0.0013954328605905175, 0.0013392927357926965, 0.0013105603866279125, 0.001427814713679254, 0.0012467835331335664, 0.0010554095497354865, 0.0010186507133767009, 0.0010398449376225471, 0.0012741686077788472, 0.0010888832621276379, 0.0009652429725974798, 0.0009418426197953522, 0.0008837086497806013, 0.001028746017254889, 0.0008549931808374822, 0.0008302553906105459, 0.0008277854067273438, 0.0008572855149395764, 0.0006996693555265665, 0.0007061423384584486, 0.0006685701664537191, 0.0007110191509127617, 0.0007424672367051244, 0.0006170372944325209, 0.0005737576866522431, 0.0006305022980086505, 0.0005613859393633902, 0.0005359870265237987, 0.0005445033893920481, 0.0005915872170589864, 0.000579141837079078, 0.000530329707544297, 0.0005434557097032666, 0.000608956441283226, 0.0005487106973305345, 0.0004667850735131651, 0.0005107069737277925, 0.00046584627125412226, 0.0004383341583888978, 0.0004393599519971758, 0.00041418374166823924, 0.00038571664481423795, 0.0005226360517553985, 0.0005472679040394723, 0.0003775671939365566, 0.0003723922709468752, 0.0005123373703099787, 0.0003682418027892709, 0.0003627929836511612, 0.0003901675227098167, 0.00040678828372620046, 0.00035802414640784264, 0.00034975240123458207, 0.00034486514050513506, 0.00041695378604345024, 0.0003772502241190523, 0.00042743352241814137, 0.0004043746448587626, 0.000448047649115324], "val_loss": [0.005234906449913979, 0.003032739507034421, 0.0043879286386072636, 0.003399012377485633, 0.0016548949060961604, 0.0018776123179122806, 0.0019843382760882378, 0.0017186668701469898, 0.0025494263973087072, 0.0032623352017253637, 0.00435634283348918, 0.0034875476267188787, 0.0020343030337244272, 0.0009818865219131112, 0.0025364866014569998, 0.0008312549325637519, 0.001393485232256353, 0.000915967917535454, 0.004536822903901339, 0.002256870036944747, 0.0007021219935268164, 0.001499917358160019, 0.0008256754372268915, 0.0014149668859317899, 0.0008397029596380889, 0.0006660731160081923, 0.0007873580325394869, 0.0018396462546661496, 0.002417505718767643, 0.00048786046681925654, 0.00047093507600948215, 0.001318687223829329, 0.0018915251130238175, 0.0004311015654820949, 0.00040409789653494954, 0.0005222326726652682, 0.000381540012313053, 0.0004457517643459141, 0.00035064551047980785, 0.0006411475478671491, 0.002630560426041484, 0.00031901634065434337, 0.0007232200005091727, 0.0006308350712060928, 0.0010616902727633715, 0.0007245937595143914, 0.0005328397382982075, 0.00028183916583657265, 0.0011480581015348434, 0.0004305960610508919, 0.000690380169544369, 0.00027182401390746236, 0.000655929499771446, 0.00024224193475674838, 0.0002689425309654325, 0.0004180434043519199, 0.00026961800176650286, 0.0009800414554774761, 0.0002417623036308214, 0.00022282186546362936, 0.0002524828596506268, 0.0005222719046287239, 0.00030603312188759446, 0.00029896359774284065, 0.0002708631509449333, 0.0006650787545368075, 0.0010763672180473804, 0.00037390145007520914, 0.00023357397003564984, 0.0003286041028331965]}